,Unnamed: 0_level_0,Unnamed: 1_level_0,RUSHING,RUSHING,RUSHING,RUSHING,RUSHING,RUSHING,RECEIVING,RECEIVING,RECEIVING,RECEIVING,RECEIVING,MISC,MISC,MISC,MISC,MISC
,Rank,Player,ATT,YDS,Y/A,LG,20+,TD,REC,TGT,YDS,Y/R,TD,FL,G,FPTS,FPTS/G,ROST
0,1,Adrian Peterson (TEN),348,2097,6.0,82,27,12,40,51,217,5.4,1,2,16,347.4,21.7,45.1%
1,2,Alfred Morris (NYG),335,1613,4.8,39,9,13,11,16,77,7.0,0,3,16,252.0,15.8,0.0%
2,3,Frank Gore (FA),258,1214,4.7,37,7,8,28,36,234,8.4,1,1,16,224.8,14.1,12.1%
3,4,LeSean McCoy (FA),200,840,4.2,34,7,2,54,67,373,6.9,3,3,12,199.3,16.6,2.0%
4,5,Mark Ingram II (NO),156,602,3.9,31,4,5,6,10,29,4.8,0,0,16,99.1,6.2,80.7%
5,6,Brandon Bolden (NE),56,274,4.9,27,4,2,2,2,11,5.5,0,0,10,42.5,4.3,21.6%
6,7,Lamar Miller (FA),51,250,4.9,28,2,1,6,9,45,7.5,0,0,13,41.5,3.2,0.0%
7,8,Dion Lewis (FA),13,69,5.3,17,0,1,2,2,24,12.0,0,0,9,17.3,1.9,2.0%
8,9,Anthony Sherman (FA),0,0,0.0,0,0,0,5,8,39,7.8,0,0,13,8.9,0.7,0.0%
9,10,Artavis Pierce (CHI),0,0,0.0,0,0,0,0,0,0,0.0,0,0,0,0.0,0.0,0.0%
10,11,Patrick Taylor Jr. (GB),0,0,0.0,0,0,0,0,0,0,0.0,0,0,0,0.0,0.0,1.2%
11,12,Larry Rountree III (LAC),0,0,0.0,0,0,0,0,0,0,0.0,0,0,0,0.0,0.0,0.8%
12,13,DeeJay Dallas (SEA),0,0,0.0,0,0,0,0,0,0,0.0,0,0,0,0.0,0.0,0.8%
13,14,Adrian Killins Jr. (DEN),0,0,0.0,0,0,0,0,0,0,0.0,0,0,0,0.0,0.0,0.0%
14,15,Darius Bradwell (LAC),0,0,0.0,0,0,0,0,0,0,0.0,0,0,0,0.0,0.0,0.0%
15,16,Tony Jones Jr. (NO),0,0,0.0,0,0,0,0,0,0,0.0,0,0,0,0.0,0.0,3.2%
16,17,Scottie Phillips (HOU),0,0,0.0,0,0,0,0,0,0,0.0,0,0,0,0.0,0.0,0.0%
17,18,Sewo Olonilua (DAL),0,0,0.0,0,0,0,0,0,0,0.0,0,0,0,0.0,0.0,0.0%
18,19,Jason Huntley (PHI),0,0,0.0,0,0,0,0,0,0,0.0,0,0,0,0.0,0.0,0.0%
19,20,Rico Dowdle (DAL),0,0,0.0,0,0,0,0,0,0,0.0,0,0,0,0.0,0.0,0.0%
20,21,Ty'Son Williams (BAL),0,0,0.0,0,0,0,0,0,0,0.0,0,0,0,0.0,0.0,6.9%
21,22,James Robinson (JAC),0,0,0.0,0,0,0,0,0,0,0.0,0,0,0,0.0,0.0,97.7%
22,23,JaMycal Hasty (SF),0,0,0.0,0,0,0,0,0,0,0.0,0,0,0,0.0,0.0,0.9%
23,24,Antonio Gibson (WAS),0,0,0.0,0,0,0,0,0,0,0.0,0,0,0,0.0,0.0,96.9%
24,25,Darius Anderson (IND),0,0,0.0,0,0,0,0,0,0,0.0,0,0,0,0.0,0.0,0.0%
25,26,Travis Etienne Jr. (JAC),0,0,0.0,0,0,0,0,0,0,0.0,0,0,0,0.0,0.0,6.5%
26,27,Jonathan Taylor (IND),0,0,0.0,0,0,0,0,0,0,0.0,0,0,0,0.0,0.0,99.9%
27,28,D'Andre Swift (DET),0,0,0.0,0,0,0,0,0,0,0.0,0,0,0,0.0,0.0,98.9%
28,29,Derrick Gore (KC),0,0,0.0,0,0,0,0,0,0,0.0,0,0,0,0.0,0.0,3.7%
29,30,D'Ernest Johnson (CLE),0,0,0.0,0,0,0,0,0,0,0.0,0,0,0,0.0,0.0,66.6%
30,31,Zack Moss (BUF),0,0,0.0,0,0,0,0,0,0,0.0,0,0,0,0.0,0.0,79.8%
31,32,Craig Reynolds (DET),0,0,0.0,0,0,0,0,0,0,0.0,0,0,0,0.0,0.0,0.0%
32,33,Austin Walter (NYJ),0,0,0.0,0,0,0,0,0,0,0.0,0,0,0,0.0,0.0,0.0%
33,34,J.K. Dobbins (BAL),0,0,0.0,0,0,0,0,0,0,0.0,0,0,0,0.0,0.0,9.6%
34,35,Cam Akers (LAR),0,0,0.0,0,0,0,0,0,0,0.0,0,0,0,0.0,0.0,4.8%
35,36,Pete Guerriero (PIT),0,0,0.0,0,0,0,0,0,0,0.0,0,0,0,0.0,0.0,0.0%
36,37,Michael Warren II (DET),0,0,0.0,0,0,0,0,0,0,0.0,0,0,0,0.0,0.0,0.0%
37,38,Salvon Ahmed (MIA),0,0,0.0,0,0,0,0,0,0,0.0,0,0,0,0.0,0.0,3.7%
38,39,Joshua Kelley (LAC),0,0,0.0,0,0,0,0,0,0,0.0,0,0,0,0.0,0.0,0.5%
39,40,J.J. Taylor (NE),0,0,0.0,0,0,0,0,0,0,0.0,0,0,0,0.0,0.0,1.7%
40,41,Tavien Feaster (ARI),0,0,0.0,0,0,0,0,0,0,0.0,0,0,0,0.0,0.0,0.0%
41,42,Javon Leake (DET),0,0,0.0,0,0,0,0,0,0,0.0,0,0,0,0.0,0.0,0.0%
42,43,Trey Sermon (SF),0,0,0.0,0,0,0,0,0,0,0.0,0,0,0,0.0,0.0,17.4%
43,44,Darrynton Evans (TEN),0,0,0.0,0,0,0,0,0,0,0.0,0,0,0,0.0,0.0,0.9%
44,45,Najee Harris (PIT),0,0,0.0,0,0,0,0,0,0,0.0,0,0,0,0.0,0.0,99.9%
45,46,Caleb Huntley (ATL),0,0,0.0,0,0,0,0,0,0,0.0,0,0,0,0.0,0.0,0.0%
46,47,Anthony McFarland Jr. (PIT),0,0,0.0,0,0,0,0,0,0,0.0,0,0,0,0.0,0.0,0.6%
47,48,Eno Benjamin (ARI),0,0,0.0,0,0,0,0,0,0,0.0,0,0,0,0.0,0.0,5.9%
48,49,AJ Dillon (GB),0,0,0.0,0,0,0,0,0,0,0.0,0,0,0,0.0,0.0,93.4%
49,50,Ke'Shawn Vaughn (TB),0,0,0.0,0,0,0,0,0,0,0.0,0,0,0,0.0,0.0,0.1%
50,51,LeVante Bellamy (DEN),0,0,0.0,0,0,0,0,0,0,0.0,0,0,0,0.0,0.0,0.0%
51,52,La'Mical Perine (NYJ),0,0,0.0,0,0,0,0,0,0,0.0,0,0,0,0.0,0.0,0.2%
52,53,Clyde Edwards-Helaire (KC),0,0,0.0,0,0,0,0,0,0,0.0,0,0,0,0.0,0.0,90.8%
53,54,Kylin Hill (GB),0,0,0.0,0,0,0,0,0,0,0.0,0,0,0,0.0,0.0,0.2%
54,55,Antonio Williams (BUF),0,0,0.0,0,0,0,0,0,0,0.0,0,0,0,0.0,0.0,0.0%
55,56,Giovanni Ricci (CAR),0,0,0.0,0,0,0,0,0,0,0.0,0,0,0,0.0,0.0,0.0%
56,57,Sandro Platzgummer (NYG),0,0,0.0,0,0,0,0,0,0,0.0,0,0,0,0.0,0.0,0.0%
57,58,Trey Ragas (LV),0,0,0.0,0,0,0,0,0,0,0.0,0,0,0,0.0,0.0,0.0%
58,59,Chuba Hubbard (CAR),0,0,0.0,0,0,0,0,0,0,0.0,0,0,0,0.0,0.0,42.1%
59,60,Mikey Daniel (CAR),0,0,0.0,0,0,0,0,0,0,0.0,0,0,0,0.0,0.0,0.0%
60,61,Josh Hokit (SF),0,0,0.0,0,0,0,0,0,0,0.0,0,0,0,0.0,0.0,0.0%
61,62,Jake Bargas (MIN),0,0,0.0,0,0,0,0,0,0,0.0,0,0,0,0.0,0.0,0.0%
62,63,Gabe Nabers (LAC),0,0,0.0,0,0,0,0,0,0,0.0,0,0,0,0.0,0.0,0.1%
63,64,Nathan Cottrell (JAC),0,0,0.0,0,0,0,0,0,0,0.0,0,0,0,0.0,0.0,0.0%
64,65,Jonathan Ward (ARI),0,0,0.0,0,0,0,0,0,0,0.0,0,0,0,0.0,0.0,0.1%
65,66,Jermar Jefferson (DET),0,0,0.0,0,0,0,0,0,0,0.0,0,0,0,0.0,0.0,0.3%
66,67,Cameron Scarlett (SEA),0,0,0.0,0,0,0,0,0,0,0.0,0,0,0,0.0,0.0,0.0%
67,68,Reggie Gilliam (BUF),0,0,0.0,0,0,0,0,0,0,0.0,0,0,0,0.0,0.0,0.0%
68,69,Pooka Williams Jr. (CIN),0,0,0.0,0,0,0,0,0,0,0.0,0,0,0,0.0,0.0,0.0%
69,70,Jaret Patterson (WAS),0,0,0.0,0,0,0,0,0,0,0.0,0,0,0,0.0,0.0,0.9%
70,71,Mekhi Sargent (LAR),0,0,0.0,0,0,0,0,0,0,0.0,0,0,0,0.0,0.0,0.1%
71,72,Demetric Felton (CLE),0,0,0.0,0,0,0,0,0,0,0.0,0,0,0,0.0,0.0,1.3%
72,73,Deon Jackson (IND),0,0,0.0,0,0,0,0,0,0,0.0,0,0,0,0.0,0.0,0.0%
73,74,Khari Blasingame (TEN),0,0,0.0,0,0,0,0,0,0,0.0,0,0,0,0.0,0.0,0.0%
74,75,Jason Cabinda (DET),0,0,0.0,0,0,0,0,0,0,0.0,0,0,0,0.0,0.0,0.0%
75,76,Darrel Williams (KC),0,0,0.0,0,0,0,0,0,0,0.0,0,0,0,0.0,0.0,84.3%
76,77,Phillip Lindsay (HOU),0,0,0.0,0,0,0,0,0,0,0.0,0,0,0,0.0,0.0,10.4%
77,78,Jordan Wilkins (JAC),0,0,0.0,0,0,0,0,0,0,0.0,0,0,0,0.0,0.0,0.0%
78,79,Chase Edmonds (ARI),0,0,0.0,0,0,0,0,0,0,0.0,0,0,0,0.0,0.0,77.8%
79,80,Trenton Cannon (SF),0,0,0.0,0,0,0,0,0,0,0.0,0,0,0,0.0,0.0,0.1%
80,81,Godwin Igwebuike (DET),0,0,0.0,0,0,0,0,0,0,0.0,0,0,0,0.0,0.0,1.7%
81,82,Sony Michel (LAR),0,0,0.0,0,0,0,0,0,0,0.0,0,0,0,0.0,0.0,25.7%
82,83,Rashaad Penny (SEA),0,0,0.0,0,0,0,0,0,0,0.0,0,0,0,0.0,0.0,8.9%
83,84,Justin Jackson (LAC),0,0,0.0,0,0,0,0,0,0,0.0,0,0,0,0.0,0.0,1.3%
84,85,Bo Scarbrough (LV),0,0,0.0,0,0,0,0,0,0,0.0,0,0,0,0.0,0.0,0.0%
85,86,Nyheim Hines (IND),0,0,0.0,0,0,0,0,0,0,0.0,0,0,0,0.0,0.0,55.3%
86,87,Donnie Ernsberger (TEN),0,0,0.0,0,0,0,0,0,0,0.0,0,0,0,0.0,0.0,0.0%
87,88,Mike Boone (DEN),0,0,0.0,0,0,0,0,0,0,0.0,0,0,0,0.0,0.0,0.1%
88,89,Ryan Nall (CHI),0,0,0.0,0,0,0,0,0,0,0.0,0,0,0,0.0,0.0,0.0%
89,90,Nick Bawden (NYJ),0,0,0.0,0,0,0,0,0,0,0.0,0,0,0,0.0,0.0,0.0%
90,91,Gus Edwards (BAL),0,0,0.0,0,0,0,0,0,0,0.0,0,0,0,0.0,0.0,10.6%
91,92,Buddy Howell (LAR),0,0,0.0,0,0,0,0,0,0,0.0,0,0,0,0.0,0.0,0.0%
92,93,Boston Scott (PHI),0,0,0.0,0,0,0,0,0,0,0.0,0,0,0,0.0,0.0,22.1%
93,94,Matt Breida (BUF),0,0,0.0,0,0,0,0,0,0,0.0,0,0,0,0.0,0.0,1.6%
94,95,Dare Ogunbowale (JAC),0,0,0.0,0,0,0,0,0,0,0.0,0,0,0,0.0,0.0,0.1%
95,96,Royce Freeman (HOU),0,0,0.0,0,0,0,0,0,0,0.0,0,0,0,0.0,0.0,0.7%
96,97,Jaylen Samuels (HOU),0,0,0.0,0,0,0,0,0,0,0.0,0,0,0,0.0,0.0,0.1%
97,98,Myles Gaskin (MIA),0,0,0.0,0,0,0,0,0,0,0.0,0,0,0,0.0,0.0,92.2%
98,99,Kalen Ballage (PIT),0,0,0.0,0,0,0,0,0,0,0.0,0,0,0,0.0,0.0,0.2%
99,100,Josh Adams (NO),0,0,0.0,0,0,0,0,0,0,0.0,0,0,0,0.0,0.0,0.0%
100,101,Nick Chubb (CLE),0,0,0.0,0,0,0,0,0,0,0.0,0,0,0,0.0,0.0,99.7%
101,102,Ronald Jones II (TB),0,0,0.0,0,0,0,0,0,0,0.0,0,0,0,0.0,0.0,20.2%
102,103,Saquon Barkley (NYG),0,0,0.0,0,0,0,0,0,0,0.0,0,0,0,0.0,0.0,98.4%
103,104,Trey Edmunds (PIT),0,0,0.0,0,0,0,0,0,0,0.0,0,0,0,0.0,0.0,0.0%
104,105,Patrick Ricard (BAL),0,0,0.0,0,0,0,0,0,0,0.0,0,0,0,0.0,0.0,0.1%
105,106,Trevon Wesco (NYJ),0,0,0.0,0,0,0,0,0,0,0.0,0,0,0,0.0,0.0,0.0%
106,107,Travis Homer (SEA),0,0,0.0,0,0,0,0,0,0,0.0,0,0,0,0.0,0.0,0.9%
107,108,Benny Snell Jr. (PIT),0,0,0.0,0,0,0,0,0,0,0.0,0,0,0,0.0,0.0,0.8%
108,109,Trayveon Williams (CIN),0,0,0.0,0,0,0,0,0,0,0.0,0,0,0,0.0,0.0,0.1%
109,110,Darrell Henderson Jr. (LAR),0,0,0.0,0,0,0,0,0,0,0.0,0,0,0,0.0,0.0,98.6%
110,111,Alec Ingold (LV),0,0,0.0,0,0,0,0,0,0,0.0,0,0,0,0.0,0.0,0.1%
111,112,Mike Weber (NYG),0,0,0.0,0,0,0,0,0,0,0.0,0,0,0,0.0,0.0,0.0%
112,113,Ryquell Armstead (GB),0,0,0.0,0,0,0,0,0,0,0.0,0,0,0,0.0,0.0,0.0%
113,114,Aca'Cedric Ware (TB),0,0,0.0,0,0,0,0,0,0,0.0,0,0,0,0.0,0.0,0.0%
114,115,Qadree Ollison (ATL),0,0,0.0,0,0,0,0,0,0,0.0,0,0,0,0.0,0.0,0.3%
115,116,Dexter Williams (CLE),0,0,0.0,0,0,0,0,0,0,0.0,0,0,0,0.0,0.0,0.0%
116,117,Damarea Crockett (DEN),0,0,0.0,0,0,0,0,0,0,0.0,0,0,0,0.0,0.0,0.0%
117,118,Darwin Thompson (TB),0,0,0.0,0,0,0,0,0,0,0.0,0,0,0,0.0,0.0,0.0%
118,119,Andrew Beck (DEN),0,0,0.0,0,0,0,0,0,0,0.0,0,0,0,0.0,0.0,0.0%
119,120,Tony Pollard (DAL),0,0,0.0,0,0,0,0,0,0,0.0,0,0,0,0.0,0.0,67.0%
120,121,Cullen Gillaspia (NYG),0,0,0.0,0,0,0,0,0,0,0.0,0,0,0,0.0,0.0,0.0%
121,122,Alexander Mattison (MIN),0,0,0.0,0,0,0,0,0,0,0.0,0,0,0,0.0,0.0,43.7%
122,123,Jakob Johnson (NE),0,0,0.0,0,0,0,0,0,0,0.0,0,0,0,0.0,0.0,0.0%
123,124,Sutton Smith (LV),0,0,0.0,0,0,0,0,0,0,0.0,0,0,0,0.0,0.0,0.0%
124,125,Devine Ozigbo (JAC),0,0,0.0,0,0,0,0,0,0,0.0,0,0,0,0.0,0.0,0.0%
125,126,Kerrith Whyte Jr. (GB),0,0,0.0,0,0,0,0,0,0,0.0,0,0,0,0.0,0.0,0.0%
126,127,Ty Johnson (NYJ),0,0,0.0,0,0,0,0,0,0,0.0,0,0,0,0.0,0.0,19.4%
127,128,Reggie Bonnafon (CAR),0,0,0.0,0,0,0,0,0,0,0.0,0,0,0,0.0,0.0,0.0%
128,129,Jeff Wilson Jr. (SF),0,0,0.0,0,0,0,0,0,0,0.0,0,0,0,0.0,0.0,56.8%
129,130,Johnny Stanton (CLE),0,0,0.0,0,0,0,0,0,0,0.0,0,0,0,0.0,0.0,0.0%
130,131,Dontrell Hilliard (TEN),0,0,0.0,0,0,0,0,0,0,0.0,0,0,0,0.0,0.0,0.1%
131,132,Patrick Laird (MIA),0,0,0.0,0,0,0,0,0,0,0.0,0,0,0,0.0,0.0,0.0%
132,133,Elijah Holyfield (CIN),0,0,0.0,0,0,0,0,0,0,0.0,0,0,0,0.0,0.0,0.0%
133,134,Miles Sanders (PHI),0,0,0.0,0,0,0,0,0,0,0.0,0,0,0,0.0,0.0,81.0%
134,135,Devin Singletary (BUF),0,0,0.0,0,0,0,0,0,0,0.0,0,0,0,0.0,0.0,65.3%
135,136,Josh Jacobs (LV),0,0,0.0,0,0,0,0,0,0,0.0,0,0,0,0.0,0.0,96.9%
136,137,David Montgomery (CHI),0,0,0.0,0,0,0,0,0,0,0.0,0,0,0,0.0,0.0,95.6%
137,138,Damien Harris (NE),0,0,0.0,0,0,0,0,0,0,0.0,0,0,0,0.0,0.0,92.0%
138,139,Dalyn Dawkins (DET),0,0,0.0,0,0,0,0,0,0,0.0,0,0,0,0.0,0.0,0.1%
139,140,Rhamondre Stevenson (NE),0,0,0.0,0,0,0,0,0,0,0.0,0,0,0,0.0,0.0,54.5%
140,141,Elijah Mitchell (SF),0,0,0.0,0,0,0,0,0,0,0.0,0,0,0,0.0,0.0,84.3%
141,142,Chris Evans (CIN),0,0,0.0,0,0,0,0,0,0,0.0,0,0,0,0.0,0.0,0.5%
142,143,Khalil Herbert (CHI),0,0,0.0,0,0,0,0,0,0,0.0,0,0,0,0.0,0.0,29.5%
143,144,Javian Hawkins (TEN),0,0,0.0,0,0,0,0,0,0,0.0,0,0,0,0.0,0.0,0.1%
144,145,Javonte Williams (DEN),0,0,0.0,0,0,0,0,0,0,0.0,0,0,0,0.0,0.0,84.1%
145,146,Michael Carter (NYJ),0,0,0.0,0,0,0,0,0,0,0.0,0,0,0,0.0,0.0,89.7%
146,147,Spencer Brown (CAR),0,0,0.0,0,0,0,0,0,0,0.0,0,0,0,0.0,0.0,0.0%
147,148,JaQuan Hardy (DAL),0,0,0.0,0,0,0,0,0,0,0.0,0,0,0,0.0,0.0,0.0%
148,149,Tory Carter (TEN),0,0,0.0,0,0,0,0,0,0,0.0,0,0,0,0.0,0.0,0.0%
149,150,Kenneth Gainwell (PHI),0,0,0.0,0,0,0,0,0,0,0.0,0,0,0,0.0,0.0,17.6%
150,151,Gary Brightwell (NYG),0,0,0.0,0,0,0,0,0,0,0.0,0,0,0,0.0,0.0,0.1%
151,152,Gerrid Doaks (MIA),0,0,0.0,0,0,0,0,0,0,0.0,0,0,0,0.0,0.0,0.0%
152,153,Mason Stokke (CAR),0,0,0.0,0,0,0,0,0,0,0.0,0,0,0,0.0,0.0,0.0%
153,154,Kene Nwangwu (MIN),0,0,0.0,0,0,0,0,0,0,0.0,0,0,0,0.0,0.0,0.1%
154,155,A.J. Rose Jr. (MIN),0,0,0.0,0,0,0,0,0,0,0.0,0,0,0,0.0,0.0,0.0%
155,156,Jake Funk (LAR),0,0,0.0,0,0,0,0,0,0,0.0,0,0,0,0.0,0.0,0.2%
156,157,Nate McCrary (BAL),0,0,0.0,0,0,0,0,0,0,0.0,0,0,0,0.0,0.0,0.0%
157,158,Josh Johnson (SEA),0,0,0.0,0,0,0,0,0,0,0.0,0,0,0,0.0,0.0,0.0%
158,159,Tre Harbison (CLE),0,0,0.0,0,0,0,0,0,0,0.0,0,0,0,0.0,0.0,0.0%
159,160,Garrett Groshek (MIN),0,0,0.0,0,0,0,0,0,0,0.0,0,0,0,0.0,0.0,0.0%
160,161,Taquan Mizzell (NYG),0,0,0.0,0,0,0,0,0,0,0.0,0,0,0,0.0,0.0,0.0%
161,162,Bilal Powell (FA),110,437,4.0,18,0,4,17,36,140,8.2,0,0,14,0.0,0.0,0.0%
162,163,Anthony Allen (FA),16,61,3.8,20,1,1,2,4,12,6.0,0,0,16,0.0,0.0,0.0%
163,164,Shane Bannon (KC),0,0,0.0,0,0,0,0,0,0,0.0,0,0,0,0.0,0.0,0.0%
164,165,Da'Rel Scott (FA),6,9,1.5,5,0,0,0,0,0,0.0,0,0,4,0.0,0.0,0.0%
165,166,Shaun Chapas (FA),0,0,0.0,0,0,0,1,2,6,6.0,0,0,3,0.0,0.0,0.0%
166,167,Bruce Miller (FA),5,18,3.6,9,0,0,12,13,84,7.0,0,0,16,0.0,0.0,0.0%
167,168,Evan Royster (FA),23,88,3.8,12,0,2,15,23,109,7.3,0,0,16,0.0,0.0,0.0%
168,169,Taiwan Jones (BUF),6,21,3.5,7,0,0,2,2,11,5.5,0,0,14,0.0,0.0,0.0%
169,170,Stanley Havili (FA),6,22,3.7,8,0,1,7,12,43,6.1,0,0,15,0.0,0.0,0.0%
170,171,Owen Marecic (FA),0,0,0.0,0,0,0,0,5,0,0.0,0,0,10,0.0,0.0,0.0%
171,172,Roy Helu (FA),2,2,1.0,1,0,0,7,7,45,6.4,0,0,3,0.0,0.0,0.0%
172,173,Alex Green (FA),135,464,3.4,41,2,0,18,29,125,6.9,0,0,12,0.0,0.0,0.0%
173,174,Stevan Ridley (FA),290,1263,4.4,41,6,12,6,14,51,8.5,0,2,16,0.0,0.0,0.0%
174,175,Kendall Hunter (FA),72,371,5.2,26,2,2,9,12,60,6.7,0,1,11,0.0,0.0,0.0%
175,176,Delone Carter (FA),32,122,3.8,20,1,3,1,2,13,13.0,0,0,10,0.0,0.0,0.0%
176,177,Shane Vereen (FA),62,251,4.0,16,0,3,8,13,149,18.6,1,1,13,0.0,0.0,0.0%
177,178,Baron Batch (FA),25,49,2.0,10,0,1,4,5,31,7.8,0,0,12,0.0,0.0,0.0%
178,179,Jay Finley (CIN),0,0,0.0,0,0,0,0,0,0,0.0,0,0,0,0.0,0.0,0.0%
179,180,Jordan Todman (FA),3,8,2.7,6,0,0,1,1,0,0.0,0,0,1,0.0,0.0,0.0%
180,181,Armond Smith (FA),3,0,0.0,3,0,0,0,0,0,0.0,0,0,4,0.0,0.0,0.0%
181,182,Alfonso Smith (FA),0,0,0.0,0,0,0,2,3,21,10.5,0,0,11,0.0,0.0,0.0%
182,183,Henry Hynoski (FA),5,20,4.0,5,0,0,11,15,50,4.5,1,0,16,0.0,0.0,0.0%
183,184,Tyler Clutts (FA),0,0,0.0,0,0,0,0,0,0,0.0,0,0,16,0.0,0.0,0.0%
184,185,DuJuan Harris (FA),34,157,4.6,21,1,2,2,2,17,8.5,0,0,4,0.0,0.0,0.0%
185,186,Phillip Tanner (FA),25,61,2.4,9,0,0,4,5,41,10.3,0,0,14,0.0,0.0,0.0%
186,187,Nick Bellore (SEA),0,0,0.0,0,0,0,1,1,23,23.0,0,0,16,0.0,0.0,0.0%
187,188,Isaac Odim (LAC),0,0,0.0,0,0,0,0,0,0,0.0,0,0,0,0.0,0.0,0.0%
188,189,Chad Spann (HOU),0,0,0.0,0,0,0,0,0,0,0.0,0,0,0,0.0,0.0,0.0%
189,190,DeMarco Murray (FA),161,663,4.1,48,5,4,35,42,251,7.2,0,2,10,0.0,0.0,0.1%
190,191,Jacquizz Rodgers (FA),94,362,3.9,43,2,1,53,59,402,7.6,1,0,16,0.0,0.0,0.0%
191,192,Lance Ball (FA),42,158,3.8,22,1,1,7,11,61,8.7,1,1,15,0.0,0.0,0.0%
192,193,Isaac Redman (FA),110,410,3.7,28,3,2,19,23,244,12.8,0,3,14,0.0,0.0,0.0%
193,194,Chris Ivory (FA),40,217,5.4,56,3,2,2,3,15,7.5,0,0,6,0.0,0.0,0.0%
194,195,Cedric Peerman (FA),36,258,7.2,48,3,1,9,9,85,9.4,0,0,14,0.0,0.0,0.0%
195,196,Ryan Torain (FA),0,0,0.0,0,0,0,0,0,0,0.0,0,0,2,0.0,0.0,0.0%
196,197,LeGarrette Blount (FA),41,151,3.7,35,1,2,1,2,2,2.0,0,0,13,0.0,0.0,0.1%
197,198,Andre Brown (FA),73,385,5.3,31,3,8,12,17,86,7.2,0,0,10,0.0,0.0,0.0%
198,199,Joe McKnight (FA),30,179,6.0,61,2,0,1,2,18,18.0,0,1,15,0.0,0.0,0.0%
199,200,James Starks (FA),71,255,3.6,22,1,1,4,6,31,7.8,0,0,6,0.0,0.0,0.0%
200,201,Deji Karim (FA),0,0,0.0,0,0,0,0,0,0,0.0,0,0,3,0.0,0.0,0.0%
201,202,Anthony Dixon (FA),21,78,3.7,9,0,2,0,0,0,0.0,0,0,16,0.0,0.0,0.0%
202,203,Toby Gerhart (FA),50,169,3.4,22,1,1,20,27,155,7.8,0,2,16,0.0,0.0,0.0%
203,204,Montario Hardesty (FA),65,271,4.2,25,1,1,2,5,16,8.0,0,0,13,0.0,0.0,0.0%
204,205,Keiland Williams (FA),2,3,1.5,2,0,0,2,2,9,4.5,0,0,14,0.0,0.0,0.0%
205,206,Daniel Thomas (FA),91,325,3.6,20,2,4,15,22,156,10.4,0,2,12,0.0,0.0,0.0%
206,207,Ryan Williams (FA),58,164,2.8,25,2,0,7,10,44,6.3,0,2,5,0.0,0.0,0.0%
207,208,Mikel Leshoure (FA),215,798,3.7,16,0,9,34,48,214,6.3,0,3,14,0.0,0.0,0.0%
208,209,Darrel Young (FA),14,60,4.3,16,0,0,8,9,109,13.6,2,0,16,0.0,0.0,0.0%
209,210,Garrett Mills (NE),0,0,0.0,0,0,0,0,0,0,0.0,0,0,0,0.0,0.0,0.0%
210,211,Andre Anderson (BUF),0,0,0.0,0,0,0,0,0,0,0.0,0,0,0,0.0,0.0,0.0%
211,212,Antone Smith (FA),0,0,0.0,0,0,0,0,1,0,0.0,0,0,13,0.0,0.0,0.0%
212,213,Chris Gronkowski (FA),0,0,0.0,0,0,0,1,1,11,11.0,0,0,14,0.0,0.0,0.0%
213,214,Joique Bell (FA),82,414,5.0,67,3,3,52,69,485,9.3,0,2,16,0.0,0.0,0.2%
214,215,John Conner (FA),0,0,0.0,0,0,0,0,2,0,0.0,0,0,5,0.0,0.0,0.0%
215,216,Dexter McCluster (FA),12,70,5.8,19,0,0,52,76,452,8.7,1,2,16,0.0,0.0,0.0%
216,217,Jeremy Stewart (FA),25,101,4.0,14,0,0,8,8,62,7.8,0,0,4,0.0,0.0,0.0%
217,218,Will Ta'ufo'ou (FA),0,0,0.0,0,0,0,1,1,5,5.0,0,0,6,0.0,0.0,0.0%
218,219,Robert Hughes (FA),1,5,5.0,5,0,0,1,1,3,3.0,0,0,5,0.0,0.0,0.0%
219,220,Mario Harvey (FA),0,0,0.0,0,0,0,0,0,0,0.0,0,0,13,0.0,0.0,0.0%
220,221,Will Johnson (FA),2,7,3.5,5,0,0,15,26,137,9.1,1,0,16,0.0,0.0,0.0%
221,222,Marcus Thigpen (FA),1,8,8.0,8,0,0,1,2,15,15.0,0,1,16,0.0,0.0,0.0%
222,223,Matt Asiata (FA),3,9,3.0,5,0,0,1,1,2,2.0,0,0,16,0.0,0.0,0.0%
223,224,Jamize Olawale (DAL),0,0,0.0,0,0,0,0,0,0,0.0,0,0,3,0.0,0.0,0.0%
224,225,William Powell (FA),60,217,3.6,17,0,0,19,25,132,6.9,0,0,13,0.0,0.0,0.0%
225,226,Travaris Cadet (FA),1,5,5.0,5,0,0,5,8,44,8.8,0,1,13,0.0,0.0,0.0%
226,227,Jonathan Grimes (FA),2,6,3.0,5,0,0,2,2,7,3.5,0,0,9,0.0,0.0,0.0%
227,228,Erik Lorig (FA),0,0,0.0,0,0,0,12,19,83,6.9,1,0,16,0.0,0.0,0.0%
228,229,Cory Harkey (FA),0,0,0.0,0,0,0,1,2,21,21.0,0,0,5,0.0,0.0,0.2%
229,230,Giovani Bernard (TB),0,0,0.0,0,0,0,0,0,0,0.0,0,0,0,0.0,0.0,8.4%
230,231,John Griffin (FA),0,0,0.0,0,0,0,0,0,0,0.0,0,0,1,0.0,0.0,0.0%
231,232,Cordarrelle Patterson (ATL),0,0,0.0,0,0,0,0,0,0,0.0,0,0,0,0.0,0.0,94.0%
232,233,Lance Dunbar (FA),21,75,3.6,18,0,0,6,12,33,5.5,0,0,12,0.0,0.0,0.0%
233,234,Collin Mooney (FA),5,19,3.8,8,0,0,0,0,0,0.0,0,0,2,0.0,0.0,0.0%
234,235,Jed Collins (FA),0,0,0.0,0,0,0,14,16,70,5.0,2,1,15,0.0,0.0,0.0%
235,236,Shaun Draughn (FA),59,233,3.9,25,1,2,24,30,158,6.6,0,1,16,0.0,0.0,0.0%
236,237,Robert Turbin (FA),80,354,4.4,26,2,0,19,23,181,9.5,0,0,16,0.0,0.0,0.0%
237,238,Bernard Pierce (FA),108,532,4.9,78,3,1,7,11,47,6.7,0,0,16,0.0,0.0,0.0%
238,239,Chris Rainey (FA),26,102,3.9,19,0,2,14,22,60,4.3,0,1,16,0.0,0.0,0.0%
239,240,LaMichael James (FA),27,125,4.6,26,1,0,3,5,29,9.7,0,0,4,0.0,0.0,0.0%
240,241,Chris Polk (FA),0,0,0.0,0,0,0,0,0,0,0.0,0,0,7,0.0,0.0,0.0%
241,242,Doug Martin (FA),319,1454,4.6,70,11,11,49,70,472,9.6,1,1,16,0.0,0.0,0.0%
242,243,David Wilson (FA),71,358,5.0,52,5,4,4,9,34,8.5,1,1,16,0.0,0.0,0.0%
243,244,Trent Richardson (FA),267,950,3.6,32,2,11,51,70,367,7.2,1,0,15,0.0,0.0,0.0%
244,245,Will Tukuafu (FA),0,0,0.0,0,0,0,0,0,0,0.0,0,0,14,0.0,0.0,0.0%
245,246,Armando Allen (FA),27,124,4.6,46,1,1,2,3,16,8.0,0,0,15,0.0,0.0,0.0%
246,247,Vick Ballard (FA),211,814,3.9,26,4,2,17,27,152,8.9,1,0,16,0.0,0.0,0.0%
247,248,Cyrus Gray (FA),7,44,6.3,15,0,0,2,3,18,9.0,0,0,10,0.0,0.0,0.0%
248,249,Daryl Richardson (FA),98,475,4.8,53,4,0,24,36,163,6.8,0,2,16,0.0,0.0,0.0%
249,250,Bryce Brown (FA),115,564,4.9,65,6,4,13,19,56,4.3,0,3,16,0.0,0.0,0.0%
250,251,Isaiah Pead (FA),10,54,5.4,19,0,0,3,4,16,5.3,0,1,15,0.0,0.0,0.0%
251,252,Michael Smith (FA),0,0,0.0,0,0,0,0,0,0,0.0,0,0,1,0.0,0.0,0.0%
252,253,Terrance Ganaway (FA),0,0,0.0,0,0,0,0,0,0,0.0,0,0,3,0.0,0.0,0.0%
253,254,Dan Herron (FA),4,5,1.3,6,0,0,0,1,0,0.0,0,0,3,0.0,0.0,0.0%
254,255,Evan Rodriguez (FA),0,0,0.0,0,0,0,4,8,21,5.3,0,0,12,0.0,0.0,0.0%
255,256,Ronnie Hillman (FA),85,330,3.9,31,3,1,10,12,62,6.2,0,1,14,0.0,0.0,0.0%
256,257,Ben Tate (FA),65,279,4.3,25,2,2,11,11,49,4.5,0,1,11,0.0,0.0,0.0%
257,258,Ryan Mathews (FA),184,707,3.8,31,1,1,39,57,252,6.5,0,2,12,0.0,0.0,0.0%
258,259,Fred Jackson (FA),115,437,3.8,15,0,3,34,42,217,6.4,1,4,10,0.0,0.0,0.0%
259,260,Jackie Battle (FA),95,311,3.3,52,2,3,15,15,108,7.2,1,0,16,0.0,0.0,0.0%
260,261,Greg Jones (FA),5,8,1.6,4,0,0,11,14,64,5.8,0,0,12,0.0,0.0,0.0%
261,262,Felix Jones (FA),111,402,3.6,22,1,3,25,36,262,10.5,2,2,16,0.0,0.0,0.0%
262,263,Jalen Parmele (FA),40,143,3.6,28,1,0,7,9,60,8.6,0,0,11,0.0,0.0,0.0%
263,264,Donald Brown (FA),108,417,3.9,19,0,1,9,13,93,10.3,0,0,10,0.0,0.0,0.0%
264,265,Jacob Hester (FA),17,81,4.8,18,0,2,1,1,7,7.0,0,0,3,0.0,0.0,0.0%
265,266,Jamaal Charles (FA),285,1509,5.3,91,11,5,35,48,236,6.7,1,3,16,0.0,0.0,0.1%
266,267,Darren Sproles (FA),48,244,5.1,47,2,1,75,104,667,8.9,7,0,13,0.0,0.0,0.1%
267,268,John Kuhn (FA),23,63,2.7,9,0,1,15,18,148,9.9,0,0,14,0.0,0.0,0.0%
268,269,Justin Forsett (FA),63,374,5.9,81,3,1,3,5,38,12.7,0,0,16,0.0,0.0,0.0%
269,270,Jonathan Stewart (FA),93,336,3.6,21,2,1,17,23,157,9.2,1,0,9,0.0,0.0,0.0%
270,271,Jerome Felton (FA),0,0,0.0,0,0,0,3,4,35,11.7,0,0,16,0.0,0.0,0.0%
271,272,Javarris Williams (HOU),0,0,0.0,0,0,0,0,0,0,0.0,0,0,0,0.0,0.0,0.0%
272,273,Jason Snelling (FA),18,63,3.5,11,0,0,31,35,203,6.5,1,1,16,0.0,0.0,0.0%
273,274,DeAngelo Williams (FA),173,737,4.3,65,5,5,13,20,187,14.4,2,2,16,0.0,0.0,0.1%
274,275,Darren McFadden (FA),216,707,3.3,64,4,2,42,62,258,6.1,1,2,12,0.0,0.0,7.0%
275,276,Brian Leonard (FA),33,106,3.2,11,0,0,11,15,67,6.1,0,0,15,0.0,0.0,0.0%
276,277,Brandon Jacobs (FA),5,7,1.4,3,0,0,0,0,0,0.0,0,0,2,0.0,0.0,0.0%
277,278,Brandon Jackson (FA),8,54,6.8,25,1,0,2,4,20,10.0,0,0,2,0.0,0.0,0.0%
278,279,Bernard Scott (FA),8,35,4.4,29,1,0,0,0,0,0.0,0,0,2,0.0,0.0,0.0%
279,280,BenJarvus Green-Ellis (FA),278,1094,3.9,48,7,6,22,29,104,4.7,0,2,15,0.0,0.0,0.0%
280,281,Arian Foster (FA),351,1424,4.1,46,9,15,40,58,217,5.4,2,2,16,0.0,0.0,0.0%
281,282,Anthony Alridge (WAS),0,0,0.0,0,0,0,0,0,0,0.0,0,0,0,0.0,0.0,0.0%
282,283,Ahmad Bradshaw (FA),221,1015,4.6,37,4,6,23,31,245,10.7,0,3,14,0.0,0.0,0.0%
283,284,Darius Reynaud (FA),16,33,2.1,11,0,0,5,9,35,7.0,0,0,16,0.0,0.0,0.0%
284,285,Chris Pressley (FA),0,0,0.0,0,0,0,1,3,1,1.0,1,0,14,0.0,0.0,0.0%
285,286,Dantrell Savage (CAR),0,0,0.0,0,0,0,0,0,0,0.0,0,0,0,0.0,0.0,0.0%
286,287,Danny Woodhead (FA),76,301,4.0,19,0,4,40,55,446,11.2,3,0,16,0.0,0.0,20.6%
287,288,Chris Ogbonnaya (FA),8,30,3.8,9,0,0,24,32,187,7.8,0,1,15,0.0,0.0,0.0%
288,289,Chris Johnson (FA),276,1243,4.5,94,8,6,36,49,232,6.4,0,4,16,0.0,0.0,0.6%
289,290,Chad Simpson (WAS),0,0,0.0,0,0,0,0,0,0,0.0,0,0,0,0.0,0.0,0.0%
290,291,Cedric Benson (FA),71,248,3.5,11,0,1,14,15,97,6.9,0,0,5,0.0,0.0,0.0%
291,292,Kenny Irons (CIN),0,0,0.0,0,0,0,0,0,0,0.0,0,0,0,0.0,0.0,0.0%
292,293,Rashad Jennings (FA),101,283,2.8,21,1,2,19,26,130,6.8,0,1,10,0.0,0.0,0.0%
293,294,Ryan Grant (FA),32,132,4.1,18,0,2,1,2,34,34.0,0,1,5,0.0,0.0,0.0%
294,295,Ronnie Brown (FA),46,220,4.8,21,1,0,49,60,371,7.6,0,0,14,0.0,0.0,0.0%
295,296,Reggie Bush (FA),227,986,4.3,65,6,6,35,51,292,8.3,2,2,16,0.0,0.0,0.0%
296,297,Ray Rice (FA),257,1143,4.4,46,5,9,61,83,478,7.8,1,0,16,0.0,0.0,0.0%
297,298,Rashard Mendenhall (FA),51,182,3.6,20,1,0,9,11,62,6.9,1,1,6,0.0,0.0,0.0%
298,299,Quinn Johnson (FA),4,5,1.3,3,0,0,5,8,40,8.0,0,0,16,0.0,0.0,0.0%
299,300,Pierre Thomas (FA),105,473,4.5,48,2,1,39,53,354,9.1,1,0,15,0.0,0.0,0.0%
300,301,Peyton Hillis (FA),85,309,3.6,18,0,1,10,14,62,6.2,0,2,13,0.0,0.0,0.0%
301,302,Samkon Gado (TEN),0,0,0.0,0,0,0,0,0,0,0.0,0,0,0,0.0,0.0,0.0%
302,303,Shonn Greene (FA),276,1063,3.9,36,2,8,19,31,151,7.9,0,1,16,0.0,0.0,0.0%
303,304,Jonathan Dwyer (FA),156,623,4.0,34,3,2,18,25,106,5.9,0,2,13,0.0,0.0,0.0%
304,305,C.J. Spiller (FA),207,1244,6.0,62,12,6,43,57,459,10.7,2,3,16,0.0,0.0,0.1%
305,306,Xavier Omon (SF),0,0,0.0,0,0,0,0,0,0,0.0,0,0,0,0.0,0.0,0.0%
306,307,Willis McGahee (FA),167,731,4.4,31,2,4,26,33,221,8.5,0,4,10,0.0,0.0,0.0%
307,308,Vonta Leach (FA),9,32,3.6,6,0,1,21,24,143,6.8,0,0,16,0.0,0.0,0.0%
308,309,Stefan Logan (FA),3,17,5.7,13,0,0,6,7,28,4.7,0,2,16,0.0,0.0,0.0%
309,310,Tashard Choice (FA),47,193,4.1,22,1,1,4,9,9,2.3,0,0,12,0.0,0.0,0.0%
310,311,Steven Jackson (FA),258,1045,4.1,46,5,4,38,53,321,8.4,0,0,16,0.0,0.0,0.0%
311,312,Montell Owens (FA),42,209,5.0,32,1,1,8,10,113,14.1,0,0,13,0.0,0.0,0.0%
312,313,Kevin Smith (FA),37,134,3.6,19,0,1,10,16,79,7.9,1,0,12,0.0,0.0,0.0%
313,314,Lex Hilliard (FA),9,33,3.7,9,0,0,4,9,23,5.8,0,0,14,0.0,0.0,0.0%
314,315,Leon Washington (FA),23,83,3.6,14,0,1,4,8,31,7.8,0,1,16,0.0,0.0,0.0%
315,316,Le'Ron McClain (FA),14,42,3.0,17,0,0,8,10,29,3.6,0,0,16,0.0,0.0,0.0%
316,317,Lawrence Vickers (FA),3,11,3.7,13,0,0,13,15,104,8.0,0,0,16,0.0,0.0,0.0%
317,318,LaRod Stephens-Howling (FA),110,356,3.2,52,3,4,17,30,106,6.2,0,0,14,0.0,0.0,0.0%
318,319,Knowshon Moreno (FA),138,525,3.8,20,1,4,21,26,167,8.0,0,1,8,0.0,0.0,0.0%
319,320,Mike Tolbert (FA),54,183,3.4,13,0,7,27,39,268,9.9,0,0,16,0.0,0.0,0.0%
320,321,Mike Goodson (FA),35,221,6.3,43,3,0,16,16,195,12.2,1,0,12,0.0,0.0,0.0%
321,322,Mike Cox (FA),0,0,0.0,0,0,0,3,3,22,7.3,0,0,8,0.0,0.0,0.0%
322,323,Mike Bell (BUF),0,0,0.0,0,0,0,0,0,0,0.0,0,0,0,0.0,0.0,0.0%
323,324,Michael Robinson (FA),12,49,4.1,29,1,0,13,15,126,9.7,2,0,16,0.0,0.0,0.0%
324,325,Michael Bush (FA),114,411,3.6,20,2,5,9,11,83,9.2,0,1,13,0.0,0.0,0.0%
325,326,Maurice Jones-Drew (FA),86,414,4.8,59,3,1,14,18,86,6.1,1,0,6,0.0,0.0,0.0%
326,327,Matt Lawrence (BAL),0,0,0.0,0,0,0,0,0,0,0.0,0,0,0,0.0,0.0,0.0%
327,328,Matt Forte (FA),248,1094,4.4,46,6,5,44,60,340,7.7,1,1,15,0.0,0.0,19.1%
328,329,Marshawn Lynch (FA),315,1590,5.0,77,9,11,23,30,196,8.5,1,2,16,0.0,0.0,0.3%
329,330,Marcus Mason (LAC),0,0,0.0,0,0,0,0,0,0,0.0,0,0,0,0.0,0.0,0.0%
330,331,Marcus Mailei (NO),0,0,0.0,0,0,0,0,0,0,0.0,0,0,0,0.0,0.0,0.0%
331,332,Marcel Reece (FA),59,271,4.6,17,0,0,52,73,496,9.5,1,0,16,0.0,0.0,0.0%
332,333,Madison Hedgecock (NYG),0,0,0.0,0,0,0,0,0,0,0.0,0,0,0,0.0,0.0,0.0%
333,334,Jonathan Williams (NYG),0,0,0.0,0,0,0,0,0,0,0.0,0,0,0,0.0,0.0,0.0%
334,335,Jordan Howard (PHI),0,0,0.0,0,0,0,0,0,0,0.0,0,0,0,0.0,0.0,27.2%
335,336,Devontae Booker (NYG),0,0,0.0,0,0,0,0,0,0,0.0,0,0,0,0.0,0.0,49.0%
336,337,Alex Collins (SEA),0,0,0.0,0,0,0,0,0,0,0.0,0,0,0,0.0,0.0,54.8%
337,338,Derrick Henry (TEN),0,0,0.0,0,0,0,0,0,0,0.0,0,0,0,0.0,0.0,85.5%
338,339,Ezekiel Elliott (DAL),0,0,0.0,0,0,0,0,0,0,0.0,0,0,0,0.0,0.0,99.9%
339,340,Kenyan Drake (LV),0,0,0.0,0,0,0,0,0,0,0.0,0,0,0,0.0,0.0,64.4%
340,341,Dwayne Washington (NO),0,0,0.0,0,0,0,0,0,0,0.0,0,0,0,0.0,0.0,0.1%
341,342,Darius Jackson (HOU),0,0,0.0,0,0,0,0,0,0,0.0,0,0,0,0.0,0.0,0.0%
342,343,Derek Watt (PIT),0,0,0.0,0,0,0,0,0,0,0.0,0,0,0,0.0,0.0,0.1%
343,344,Andy Janovich (CLE),0,0,0.0,0,0,0,0,0,0,0.0,0,0,0,0.0,0.0,0.1%
344,345,Wendell Smallwood (WAS),0,0,0.0,0,0,0,0,0,0,0.0,0,0,0,0.0,0.0,0.0%
345,346,Michael Burton (KC),0,0,0.0,0,0,0,0,0,0,0.0,0,0,0,0.0,0.0,0.1%
346,347,Raheem Mostert (SF),0,0,0.0,0,0,0,0,0,0,0.0,0,0,0,0.0,0.0,14.0%
347,348,Brian Hill (CLE),0,0,0.0,0,0,0,0,0,0,0.0,0,0,0,0.0,0.0,0.1%
348,349,Austin Ekeler (LAC),0,0,0.0,0,0,0,0,0,0,0.0,0,0,0,0.0,0.0,99.9%
349,350,Elijah McGuire (KC),0,0,0.0,0,0,0,0,0,0,0.0,0,0,0,0.0,0.0,0.0%
350,351,Tarik Cohen (CHI),0,0,0.0,0,0,0,0,0,0,0.0,0,0,0,0.0,0.0,4.2%
351,352,James Conner (ARI),0,0,0.0,0,0,0,0,0,0,0.0,0,0,0,0.0,0.0,96.3%
352,353,Corey Clement (DAL),0,0,0.0,0,0,0,0,0,0,0.0,0,0,0,0.0,0.0,0.1%
353,354,Jeremy McNichols (TEN),0,0,0.0,0,0,0,0,0,0,0.0,0,0,0,0.0,0.0,25.1%
354,355,Marlon Mack (IND),0,0,0.0,0,0,0,0,0,0,0.0,0,0,0,0.0,0.0,2.3%
355,356,Kareem Hunt (CLE),0,0,0.0,0,0,0,0,0,0,0.0,0,0,0,0.0,0.0,88.8%
356,357,Jamaal Williams (DET),0,0,0.0,0,0,0,0,0,0,0.0,0,0,0,0.0,0.0,43.4%
357,358,Samaje Perine (CIN),0,0,0.0,0,0,0,0,0,0,0.0,0,0,0,0.0,0.0,7.0%
358,359,Wayne Gallman Jr. (ATL),0,0,0.0,0,0,0,0,0,0,0.0,0,0,0,0.0,0.0,7.4%
359,360,Alvin Kamara (NO),0,0,0.0,0,0,0,0,0,0,0.0,0,0,0,0.0,0.0,100.0%
360,361,D'Onta Foreman (TEN),0,0,0.0,0,0,0,0,0,0,0.0,0,0,0,0.0,0.0,58.8%
361,362,Alex Armah Jr. (NO),0,0,0.0,0,0,0,0,0,0,0.0,0,0,0,0.0,0.0,0.0%
362,363,Chris Carson (SEA),0,0,0.0,0,0,0,0,0,0,0.0,0,0,0,0.0,0.0,59.0%
363,364,Aaron Jones (GB),0,0,0.0,0,0,0,0,0,0,0.0,0,0,0,0.0,0.0,99.1%
364,365,Khalfani Muhammad (ARI),0,0,0.0,0,0,0,0,0,0,0.0,0,0,0,0.0,0.0,0.0%
365,366,Joe Mixon (CIN),0,0,0.0,0,0,0,0,0,0,0.0,0,0,0,0.0,0.0,99.7%
366,367,Christian McCaffrey (CAR),0,0,0.0,0,0,0,0,0,0,0.0,0,0,0,0.0,0.0,99.9%
367,368,J.P. Holtz (CHI),0,0,0.0,0,0,0,0,0,0,0.0,0,0,0,0.0,0.0,0.0%
368,369,Jalen Richard (LV),0,0,0.0,0,0,0,0,0,0,0.0,0,0,0,0.0,0.0,0.2%
369,370,Peyton Barber (LV),0,0,0.0,0,0,0,0,0,0,0.0,0,0,0,0.0,0.0,1.0%
370,371,Leonard Fournette (TB),0,0,0.0,0,0,0,0,0,0,0.0,0,0,0,0.0,0.0,97.5%
371,372,Elijhaa Penny (NYG),0,0,0.0,0,0,0,0,0,0,0.0,0,0,0,0.0,0.0,0.1%
372,373,Dalvin Cook (MIN),0,0,0.0,0,0,0,0,0,0,0.0,0,0,0,0.0,0.0,100.0%
373,374,Brandin Bryant (BUF),0,0,0.0,0,0,0,0,0,0,0.0,0,0,0,0.0,0.0,0.0%
374,375,J.D. McKissic (WAS),0,0,0.0,0,0,0,0,0,0,0.0,0,0,0,0.0,0.0,54.8%
375,376,C.J. Ham (MIN),0,0,0.0,0,0,0,0,0,0,0.0,0,0,0,0.0,0.0,0.1%
376,377,Willie Carter (CHI),0,0,0.0,0,0,0,0,0,0,0.0,0,0,0,0.0,0.0,0.0%
377,378,James White (NE),0,0,0.0,0,0,0,0,0,0,0.0,0,0,0,0.0,0.0,9.2%
378,379,Devonta Freeman (BAL),0,0,0.0,0,0,0,0,0,0,0.0,0,0,0,0.0,0.0,49.9%
379,380,Carlos Hyde (JAC),0,0,0.0,0,0,0,0,0,0,0.0,0,0,0,0.0,0.0,12.9%
380,381,Jerick McKinnon (KC),0,0,0.0,0,0,0,0,0,0,0.0,0,0,0,0.0,0.0,1.5%
381,382,Tim Flanders (NO),0,0,0.0,0,0,0,0,0,0,0.0,0,0,0,0.0,0.0,0.0%
382,383,Damien Williams (CHI),0,0,0.0,0,0,0,0,0,0,0.0,0,0,0,0.0,0.0,7.7%
383,384,Latavius Murray (BAL),0,0,0.0,0,0,0,0,0,0,0.0,0,0,0,0.0,0.0,31.7%
384,385,Kyle Juszczyk (SF),0,0,0.0,0,0,0,0,0,0,0.0,0,0,0,0.0,0.0,1.1%
385,386,Rex Burkhead (HOU),0,0,0.0,0,0,0,0,0,0,0.0,0,0,0,0.0,0.0,0.8%
386,387,Kerwynn Williams (FA),0,0,0.0,0,0,0,0,0,0,0.0,0,0,14,0.0,0.0,0.0%
387,388,Tommy Bohanon (BAL),0,0,0.0,0,0,0,0,0,0,0.0,0,0,0,0.0,0.0,0.0%
388,389,James Develin (FA),0,0,0.0,0,0,0,0,0,0,0.0,0,0,1,0.0,0.0,0.0%
389,390,Carlin Isles (DET),0,0,0.0,0,0,0,0,0,0,0.0,0,0,0,0.0,0.0,0.0%
390,391,Patrick DiMarco (FA),0,0,0.0,0,0,0,0,1,0,0.0,0,0,5,0.0,0.0,0.0%
391,392,Ty Montgomery (NO),0,0,0.0,0,0,0,0,0,0,0.0,0,0,0,0.0,0.0,0.1%
392,393,Brennan Clay (DEN),0,0,0.0,0,0,0,0,0,0,0.0,0,0,0,0.0,0.0,0.0%
393,394,Melvin Gordon III (DEN),0,0,0.0,0,0,0,0,0,0,0.0,0,0,0,0.0,0.0,89.1%
394,395,Ameer Abdullah (CAR),0,0,0.0,0,0,0,0,0,0,0.0,0,0,0,0.0,0.0,0.3%
395,396,Malcolm Brown (MIA),0,0,0.0,0,0,0,0,0,0,0.0,0,0,0,0.0,0.0,3.1%
396,397,David Johnson (HOU),0,0,0.0,0,0,0,0,0,0,0.0,0,0,0,0.0,0.0,26.0%
397,398,Tevin Coleman (NYJ),0,0,0.0,0,0,0,0,0,0,0.0,0,0,0,0.0,0.0,2.9%
398,399,Mike Davis (ATL),0,0,0.0,0,0,0,0,0,0,0.0,0,0,0,0.0,0.0,65.1%
399,400,Duke Johnson Jr. (MIA),0,0,0.0,0,0,0,0,0,0,0.0,0,0,0,0.0,0.0,0.1%
400,401,Jorvorskie Lane (FA),13,13,1.0,4,0,2,11,12,79,7.2,1,1,16,0.0,0.0,0.0%
401,402,Emil Igwenagu (FA),0,0,0.0,0,0,0,0,0,0,0.0,0,0,3,0.0,0.0,0.0%
402,403,Keith Smith (ATL),0,0,0.0,0,0,0,0,0,0,0.0,0,0,0,0.0,0.0,0.0%
